sample_id,label
sample_0935,0
sample_0392,0
sample_0326,0
sample_0502,1
sample_0319,1
sample_1121,1
sample_0418,1
sample_1167,1
sample_0672,0
sample_0544,1
sample_1055,1
sample_0482,0
sample_0884,0
sample_0535,0
sample_0067,0
sample_0181,0
sample_0169,0
sample_1194,1
sample_0220,1
sample_0554,1
sample_0876,0
sample_0711,1
sample_1176,0
sample_1139,0
sample_1047,0
sample_0857,1
sample_0701,0
sample_1230,1
sample_0143,1
sample_0550,1
sample_0577,1
sample_1077,0
sample_0835,1
sample_0027,0
sample_0065,0
sample_0979,0
sample_0271,0
sample_0431,0
sample_0008,0
sample_1011,1
sample_0148,0
sample_0885,1
sample_0893,0
sample_0457,1
sample_0376,0
sample_0309,0
sample_0998,1
sample_1213,1
sample_1073,1
sample_0859,1
sample_0831,0
sample_0367,0
sample_0355,0
sample_0353,1
sample_1150,1
sample_0031,1
sample_0422,1
sample_0207,0
sample_0216,0
sample_1043,0
sample_0722,1
sample_0073,1
sample_0573,1
sample_0165,1
sample_1068,1
sample_0032,0
sample_0498,0
sample_0461,1
sample_0109,0
sample_0440,0
sample_0691,0
sample_0947,0
sample_0277,0
sample_0034,1
sample_0658,0
sample_0083,0
sample_0021,0
sample_1063,1
sample_0895,0
sample_0099,1
sample_1089,1
sample_0995,1
sample_0293,1
sample_0122,1
sample_0341,1
sample_0890,0
sample_1204,1
sample_0601,0
sample_0676,1
sample_0049,0
sample_0927,1
sample_0328,0
sample_0300,0
sample_0050,1
sample_0610,0
sample_0952,0
sample_1064,1
sample_0248,1
sample_0801,0
sample_0427,0
sample_0565,0
sample_0297,1
sample_0753,1
sample_1018,0
sample_0990,0
sample_0566,0
sample_1211,0
sample_0875,1
sample_0707,0
sample_1076,1
sample_0687,1
sample_0245,0
sample_0946,0
sample_0442,0
sample_0305,1
sample_0648,0
sample_0052,1
sample_0393,1
sample_0871,0
sample_0110,0
sample_0973,0
sample_1059,1
sample_0889,0
sample_0849,0
sample_0407,1
sample_1014,0
sample_0503,0
sample_1094,0
sample_1137,1
sample_0647,1
sample_0409,0
sample_0348,0
sample_1029,0
sample_0493,0
sample_1046,1
sample_0595,0
sample_0645,1
sample_1142,1
sample_0468,1
sample_1173,0
sample_0039,1
sample_0819,0
sample_0465,0
sample_1206,0
sample_0137,1
sample_1100,0
sample_0349,1
sample_0414,0
sample_0164,1
sample_0153,0
sample_0188,1
sample_0974,1
sample_0796,1
sample_0087,1
sample_0982,1
sample_1010,1
sample_0730,1
sample_0586,1
sample_0686,1
sample_1215,0
sample_1160,1
sample_0379,1
sample_0509,0
sample_0335,1
sample_0363,0
sample_0057,0
sample_0344,1
sample_0628,0
sample_0690,0
sample_0996,1
sample_0173,0
sample_0218,0
sample_0634,0
sample_0809,0
sample_0011,1
sample_0434,0
sample_0914,0
sample_0138,1
sample_0992,0
sample_1180,0
sample_1125,1
sample_0795,0
sample_0604,1
sample_1050,0
sample_0316,0
sample_0342,1
sample_1187,1
sample_0037,1
sample_0491,1
sample_0041,1
sample_1205,1
sample_0688,1
sample_0837,1
sample_1084,0
sample_0398,0
sample_1013,1
sample_0176,0
sample_0926,0
sample_0738,0
sample_0416,0
sample_1144,0
sample_0994,0
sample_0719,0
sample_0436,0
sample_0267,1
sample_0865,1
sample_0920,1
sample_0459,0
sample_0044,0
sample_0517,0
sample_1044,0
sample_0140,1
sample_0058,1
sample_0537,0
sample_0369,0
sample_0748,0
sample_0275,1
sample_0486,0
sample_0984,1
sample_1025,1
sample_1030,0
sample_0864,0
sample_0578,1
sample_0850,0
sample_0472,0
sample_0833,1
sample_0720,0
sample_0870,0
sample_0773,1
sample_0983,1
sample_0728,0
sample_0981,0
sample_0400,1
sample_0957,0
sample_1023,1
sample_0214,1
sample_0551,1
sample_0009,0
sample_0064,1
sample_0771,0
sample_0523,1
sample_0255,0
sample_0060,0
sample_0072,1
sample_0118,0
sample_1001,1
sample_0563,0
sample_1223,1
sample_0909,1
sample_0495,0
sample_0439,1
sample_0265,0
sample_0552,0
sample_0035,0
sample_0869,1
sample_0233,0
sample_0652,1
sample_1191,0
sample_1109,0
sample_0292,0
sample_0780,0
sample_0845,1
sample_1199,1
sample_1158,1
sample_0661,1
sample_0511,0
sample_0836,1
sample_0251,0
sample_0261,1
sample_0016,0
sample_0013,0
sample_0114,0
sample_1207,0
sample_1024,0
sample_0898,0
sample_0479,1
sample_1179,1
sample_0593,0
sample_0162,0
sample_0237,0
sample_0291,0
sample_0222,1
sample_0941,1
sample_0388,0
sample_0445,1
sample_0451,0
sample_0905,1
sample_0260,0
sample_1020,0
sample_1062,0
sample_0518,0
sample_0866,1
sample_1225,0
sample_0584,0
sample_0746,1
sample_0582,1
sample_0125,0
sample_0682,1
sample_0303,0
sample_0061,1
sample_0637,1
sample_0824,1
sample_0090,0
sample_1107,1
sample_0712,1
sample_1036,0
sample_0598,1
sample_1147,0
sample_0590,0
sample_0716,0
sample_1169,0
sample_0174,0
sample_0382,0
sample_0838,0
sample_0750,1
sample_0968,1
sample_0800,1
sample_0040,1
sample_0710,0
sample_1174,0
sample_0466,1
sample_0097,0
sample_0775,0
sample_0343,1
sample_0808,1
sample_1221,0
sample_0928,1
sample_0186,0
sample_0955,0
sample_0524,0
sample_1069,1
sample_0357,1
sample_0194,1
sample_0617,1
sample_0867,0
sample_1034,1
sample_0321,1
sample_0203,0
sample_0205,1
sample_0100,0
sample_0666,1
sample_0827,0
sample_0615,0
sample_0490,1
sample_0378,1
sample_0102,0
sample_0071,0
sample_1111,0
sample_0774,1
sample_0043,1
sample_1149,0
sample_0863,0
sample_1038,1
sample_0805,1
sample_0872,0
sample_0151,0
sample_0539,1
sample_0197,1
sample_0508,0
sample_1112,1
sample_0158,1
sample_1220,1
sample_0082,1
sample_0370,0
sample_0683,1
sample_0225,0
sample_0315,0
sample_0475,1
sample_0784,0
sample_0915,0
sample_0020,0
sample_0210,0
sample_0559,0
sample_0662,0
sample_0860,1
sample_1081,0
sample_0783,0
sample_1008,0
sample_0883,1
sample_0547,0
sample_0698,0
sample_0327,1
sample_0786,1
sample_0387,0
sample_1096,0
sample_0695,1
sample_0014,1
sample_0362,0
sample_0196,1
sample_0304,1
sample_1003,1
sample_0128,1
sample_0235,1
sample_0119,0
sample_0201,1
sample_0986,0
sample_0608,1
sample_0141,0
sample_0364,1
sample_0705,1
sample_0184,0
sample_0200,0
sample_0934,1
sample_0282,0
sample_0557,1
sample_0116,1
sample_0447,1
sample_0596,1
sample_0113,1
sample_0788,0
sample_0446,1
sample_0575,0
sample_0206,1
sample_0444,0
sample_0085,0
sample_0168,1
sample_0681,0
sample_0841,0
sample_0868,1
sample_0033,0
sample_1079,0
sample_1007,1
sample_0684,1
sample_0274,1
sample_1115,1
sample_0421,0
sample_1127,0
sample_0396,1
sample_0630,0
sample_0922,0
sample_0936,0
sample_0332,1
sample_0779,1
sample_0433,1
sample_0715,1
sample_0521,0
sample_1214,1
sample_0991,1
sample_1184,1
sample_0541,1
sample_0405,0
sample_0702,1
sample_0803,1
sample_0172,1
sample_0278,0
sample_0136,0
sample_0861,0
sample_0155,1
sample_0056,1
sample_0131,0
sample_1168,0
sample_0548,0
sample_0959,0
sample_0178,1
sample_1045,1
sample_0448,0
sample_0847,0
sample_0806,0
sample_0395,1
sample_0361,1
sample_0232,0
sample_1091,0
sample_0930,1
sample_0284,0
sample_0770,1
sample_0171,1
sample_0287,1
sample_0562,1
sample_0611,1
sample_0346,0
sample_0018,0
sample_0603,0
sample_0515,0
sample_0004,0
sample_1097,1
sample_0660,1
sample_1140,0
sample_1129,0
sample_0638,0
sample_0510,0
sample_0623,0
sample_0318,1
sample_1165,1
sample_0123,1
sample_0846,1
sample_1162,1
sample_0685,0
sample_0005,0
sample_0821,0
sample_0280,1
sample_0625,1
sample_0487,1
sample_1005,0
sample_1002,0
sample_0714,0
sample_0533,1
sample_0744,1
sample_0366,1
sample_0877,1
sample_1171,0
sample_1164,0
sample_1049,0
sample_0080,1
sample_0154,1
sample_0505,1
sample_0051,1
sample_0373,0
sample_0581,1
sample_0076,0
sample_0307,0
sample_0933,1
sample_0918,1
sample_0950,1
sample_0568,1
sample_1219,1
sample_1190,0
sample_0306,1
sample_0739,0
sample_0163,0
sample_1095,0
sample_0919,1
sample_0404,1
sample_0760,0
sample_0104,1
sample_0678,1
sample_0476,1
sample_0671,0
sample_0938,0
sample_1083,0
sample_0230,1
sample_0262,0
sample_0460,0
sample_0972,1
sample_0718,1
sample_0183,1
sample_1218,0
sample_0709,1
sample_0951,0
sample_0640,0
sample_0892,0
sample_1189,1
sample_1021,1
sample_0560,0
sample_0483,1
sample_0830,0
sample_0561,1
sample_0048,1
sample_0556,1
sample_1196,1
sample_0953,1
sample_1186,0
sample_1087,1
sample_0627,0
sample_1086,1
sample_0599,0
sample_0285,1
sample_0843,0
sample_0740,1
sample_0975,0
sample_0717,1
sample_0112,1
sample_0089,0
sample_0697,1
sample_1040,0
sample_0512,1
sample_0485,1
sample_1134,1
sample_0899,0
sample_0006,1
sample_1074,0
sample_0410,1
sample_0091,1
sample_1037,0
sample_0752,1
sample_0813,0
sample_0372,1
sample_1163,0
sample_0001,0
sample_1130,1
sample_0853,1
sample_1183,0
sample_1098,1
sample_0467,1
sample_0258,1
sample_1172,1
sample_0724,0
sample_0424,0
sample_0015,1
sample_0693,0
sample_1080,1
sample_0567,1
sample_0958,0
sample_0976,1
sample_0425,1
sample_1143,1
sample_0098,1
sample_0620,1
sample_1166,1
sample_0254,1
sample_0580,1
sample_0787,0
sample_1188,0
sample_0948,1
sample_0454,0
sample_0368,1
sample_0075,0
sample_1157,0
sample_0458,0
sample_0549,1
sample_0614,0
sample_0810,1
sample_0135,0
sample_0612,0
sample_0699,0
sample_0298,1
sample_0192,0
sample_1070,1
sample_0266,1
sample_0077,0
sample_1193,0
sample_1192,1
sample_0700,1
sample_0325,0
sample_0703,0
sample_1209,1
sample_0386,0
sample_0873,1
sample_0736,0
sample_0010,1
sample_0074,0
sample_0677,1
sample_0679,0
sample_0665,1
sample_0621,1
sample_0529,0
sample_0374,1
sample_1032,1
sample_0329,0
sample_0732,1
sample_0107,0
sample_1061,1
sample_0177,1
sample_0289,0
sample_1071,0
sample_0916,1
sample_0631,1
sample_0878,1
sample_0761,1
sample_0279,0
sample_1156,1
sample_0108,0
sample_0320,1
sample_0145,0
sample_0989,1
sample_0754,0
sample_1102,1
sample_0545,0
sample_0536,1
sample_1181,1
sample_0769,1
sample_0745,1
sample_0264,1
sample_0799,1
sample_0312,1
sample_1123,0
sample_1216,1
sample_0793,1
sample_1118,0
sample_1177,0
sample_0725,1
sample_0755,0
sample_0987,1
sample_0463,1
sample_0146,0
sample_1126,0
sample_0583,0
sample_0964,1
sample_0528,0
sample_0842,1
sample_0659,0
sample_0522,1
sample_1033,0
sample_0970,1
sample_0917,0
sample_0132,0
sample_0765,0
sample_0345,0
sample_0120,1
sample_0243,0
sample_0931,0
sample_0147,1
sample_0945,0
sample_0605,0
sample_0855,1
sample_0735,0
sample_0247,0
sample_0797,1
sample_0244,0
sample_0078,1
sample_0977,1
sample_0430,1
sample_0208,1
sample_0352,1
sample_0902,0
sample_0223,0
sample_1066,0
sample_0949,0
sample_0794,0
sample_0764,1
sample_0851,0
sample_0054,0
sample_0489,1
sample_0781,1
sample_1124,0
sample_1026,0
sample_0070,1
sample_1148,0
sample_0635,0
sample_1153,0
sample_0737,1
sample_1151,1
sample_0894,1
sample_0030,1
sample_0817,1
sample_0657,0
sample_0435,0
sample_0126,1
sample_1017,1
sample_0814,0
sample_0527,1
sample_0045,0
sample_0272,0
sample_0093,1
sample_0729,0
sample_0960,1
sample_0281,0
sample_0337,0
sample_0241,0
sample_1056,0
sample_0215,0
sample_1052,1
sample_0086,0
sample_0532,1
sample_0391,1
sample_0673,1
sample_0540,0
sample_0741,1
sample_0820,1
sample_0302,0
sample_0191,0
sample_1178,0
sample_1154,0
sample_1197,1
sample_0727,1
sample_1224,0
sample_0904,1
sample_0152,0
sample_1210,1
sample_0336,0
sample_0534,1
sample_1058,1
sample_0891,1
sample_0059,0
sample_1212,0
sample_0399,1
sample_0227,0
sample_0413,1
sample_1082,0
sample_0317,0
sample_0856,1
sample_0961,0
sample_0542,1
sample_0897,0
sample_0854,0
sample_0103,1
sample_0470,0
sample_0798,0
sample_0189,0
sample_0383,1
sample_1004,1
sample_0455,1
sample_1208,0
sample_0759,1
sample_0340,0
sample_0607,1
sample_1092,0
sample_0334,0
sample_0221,0
sample_0588,0
sample_0858,0
sample_0389,1
sample_0105,0
sample_0839,0
sample_0555,0
sample_0965,0
sample_0721,1
sample_0437,1
sample_1000,0
sample_0331,0
sample_0572,1
sample_0999,1
sample_0589,1
sample_0308,1
sample_0494,0
sample_0313,1
sample_0812,0
sample_0597,0
sample_1103,1
sample_0480,0
sample_1048,0
sample_1226,1
sample_0339,1
sample_0294,0
sample_1200,1
sample_0887,0
sample_0167,0
sample_0646,1
sample_0257,1
sample_0564,1
sample_0356,0
sample_0907,0
sample_0880,0
sample_0492,0
sample_0228,1
sample_0587,1
sample_1105,1
sample_0259,0
sample_0419,0
sample_0443,0
sample_1019,0
sample_1185,1
sample_0939,1
sample_0231,0
sample_0516,0
sample_0381,1
sample_1202,1
sample_0669,0
sample_0626,0
sample_0834,1
sample_0574,0
sample_0217,1
sample_0190,1
sample_0525,0
sample_0696,0
sample_0314,1
sample_0642,1
sample_0654,1
sample_0219,0
sample_0879,1
sample_1132,0
sample_0253,1
sample_0932,1
sample_0896,1
sample_0606,1
sample_0121,0
sample_0791,0
sample_0390,1
sample_0226,0
sample_0650,1
sample_0514,1
sample_0629,0
sample_0096,1
sample_0731,0
sample_0268,1
sample_0852,1
sample_0579,0
sample_0202,1
sample_1159,0
sample_0832,0
sample_0763,1
sample_0347,1
sample_1120,1
sample_0394,0
sample_0359,0
sample_0149,1
sample_0940,0
sample_0156,0
sample_0649,0
sample_0804,0
sample_1090,0
sample_1116,1
sample_0269,1
sample_0420,0
sample_0134,1
sample_1053,0
sample_0570,1
sample_1085,1
sample_0496,1
sample_0653,0
sample_0471,0
sample_0301,0
sample_0365,1
sample_0553,0
sample_1152,0
sample_1201,0
sample_0438,0
sample_0921,1
sample_0180,0
sample_0501,0
sample_0504,0
sample_0139,0
sample_0591,1
sample_0092,1
sample_0613,1
sample_0600,0
sample_0822,0
sample_0962,1
sample_0063,1
sample_0667,1
sample_1016,0
sample_0874,1
sample_0594,0
sample_0246,1
sample_0415,0
sample_1182,1
sample_0636,1
sample_0632,0
sample_0749,0
sample_0980,1
sample_0234,1
sample_0497,1
sample_1042,1
sample_0978,0
sample_1229,0
sample_0704,1
sample_0756,1
sample_0782,0
sample_0062,1
sample_0338,0
sample_1108,1
sample_0733,0
sample_0380,0
sample_0213,0
sample_0423,1
sample_0689,0
sample_0028,1
sample_0641,1
sample_1117,1
sample_1122,1
sample_0848,1
sample_0888,1
sample_1161,1
sample_0656,0
sample_0273,1
sample_1060,0
sample_1141,1
sample_0185,1
sample_0290,0
sample_0022,1
sample_0633,0
sample_0408,0
sample_0159,0
sample_0286,1
sample_0283,1
sample_0333,0
sample_0450,0
sample_0088,1
sample_0768,1
sample_0250,1
sample_0664,1
sample_1131,0
sample_0026,0
sample_0576,0
sample_0449,1
sample_1012,0
sample_0046,1
sample_0469,0
sample_0397,1
sample_0643,0
sample_0187,0
sample_0350,0
sample_0592,0
sample_0742,0
sample_0655,1
sample_0674,0
sample_0053,0
sample_0236,1
sample_0224,1
sample_0019,0
sample_0038,1
sample_0713,0
sample_1228,0
sample_0602,1
sample_0818,0
